uuid,name,brand,street,house_number,post_code,city,latitude,longitude,first_active,openingtimes_json
44e2bdb7-13e3-4156-8576-8326cdd20459,bft Tankstelle,"",Schellengasse ,53,36304,Alsfeld,50.7520089,9.2790394,1970-01-01 01:00:00+01,{}
0e18d0d3-ed38-4e7f-a18e-507a78ad901d,OIL! Tankstelle München,OIL!,Eversbuschstraße 33,,80999,München,48.1807,11.4609,1970-01-01 01:00:00+01,"{""openingTimes"":[{""applicable_days"":192,""periods"":[{""startp"":""07:00"",""endp"":""20:00""}]},{""applicable_days"":63,""periods"":[{""startp"":""06:00"",""endp"":""22:00""}]}]}"
ad812258-94e7-473d-aa80-d392f7532218,bft Bonn-Bad Godesberg,bft,Godesberger Allee,55,53175,Bonn,50.6951,7.14276,1970-01-01 01:00:00+01,"{""overrides"":[{""startp"":""2025-05-01 06:00"",""endp"":""2025-05-01 20:00"",""is_close"":false},{""startp"":""2025-05-29 06:00"",""endp"":""2025-05-29 20:00"",""is_close"":false},{""startp"":""2025-06-09 06:00"",""endp"":""2025-06-09 20:00"",""is_close"":false},{""startp"":""2025-06-19 06:00"",""endp"":""2025-06-19 20:00"",""is_close"":false}],""openingTimes"":[{""applicable_days"":31,""periods"":[{""startp"":""06:00"",""endp"":""22:00""}]},{""applicable_days"":32,""periods"":[{""startp"":""07:00"",""endp"":""22:00""}]},{""applicable_days"":64,""periods"":[{""startp"":""08:00"",""endp"":""22:00""}]}]}"
5ffe1e13-ef40-4695-aeb2-4612d58fac17,Esso Tankstelle,ESSO,HEERSTR. 285, ,13595,BERLIN,52.514924,13.185008,2014-03-18 16:45:31+01,{}
51d4b61d-a095-1aa0-e100-80009459e03a,Supermarkt-Tankstelle LEER NUETTERMOORER STR. 2,Supermarkt-Tankstelle,NUETTERMOORER STR. 2,,26789,LEER,53.25993,7.455417,2014-03-18 16:45:31+01,{}
8485d9a1-fb9b-476e-9cc3-17d00dcdcee0,Globus Handelshof St. Wendel GmbH & Co. KG Betriebsstätte Güdingen,Globus SB Warenhaus,Wolfsau,4,66130,Saarbrücken,49.20958,7.02703,2014-03-18 16:45:31+01,{}
63adaaa5-5735-49e6-8c42-db907494a8a1,EC Tank Treffer,Freie Tankstelle,Anton-Jaumannstrasse,1,86675,Buchdorf,48.785358,10.814161,2014-03-18 16:45:31+01,{}
ec2215ca-4798-43fd-8c88-74862f85a4db,TOTAL KOECKERN,TOTAL,BAB OST / A 9,"",06794,KOECKERN,51.606403,12.185646,2014-03-18 16:45:31+01,{}
3579aceb-8134-49f6-ab8b-f437b9d6b1bf,"Aral Tankstelle, ATR Südbaden GmbH",ARAL,A,5,79415,Bad Bellingen,47.738205,7.551952,2014-03-18 16:45:31+01,{}
5dd931bf-4bb3-44ee-a0df-358200fdd6a7,Guenther Tank,bft,Jechaer Weg,34,99706,Berka,51.355,10.9114,2014-03-18 16:45:31+01,"{""overrides"":[{""startp"":""2021-01-31 22:00"",""endp"":""2099-12-31 23:59"",""is_close"":true}]}"
cbbd65ed-bc19-406c-9897-fb351ba05a47,Esso Tankstelle,ESSO,HOCHSTR. 5, ,81669,MUENCHEN,48.130042,11.589152,2014-03-18 16:45:31+01,{}
51d4b4c4-a095-1aa0-e100-80009459e03a,Supermarkt-Tankstelle REES GRUETTWEG 42-47,Supermarkt-Tankstelle,GRUETTWEG,42-47,46459,REES,51.76737,6.38001,2014-03-18 16:45:31+01,"{""openingTimes"":[{""applicable_days"":63,""periods"":[{""startp"":""08:00"",""endp"":""20:00""}]}]}"
51d4b4e2-a095-1aa0-e100-80009459e03a,JET HANNOVER VAHRENWALDER STR. 198,JET,VAHRENWALDER STR.,198,30165,HANNOVER,52.40577,9.73558,2014-03-18 16:45:31+01,{}
8ccacf5d-564e-4e71-bb96-f08469d2c057,"Weilburg, Frankfurter Str., 50",Shell,Frankfurter Str.,50,35781,Weilburg,50.4817,8.28463,2014-03-18 16:45:31+01,{}
1a27c470-7972-4878-b42f-1f54398bfb88,Sprint Dortmund Gevelsbergstr.,Sprint,Gevelsbergstr.,2,44269,Dortmund,51.4968,7.53386,2014-03-18 16:45:31+01,{}
76021add-2028-41a6-aa46-3b0bf7ba19b4,Supermarkt Leverkusen-Kueppersteg,Supermarkt,Adolf-Kaschny-Str. ,15,51373,Leverkusen-Kueppersteg,51.053247,7.000563,2014-03-18 16:45:31+01,{}
e66c5e5a-3d89-4ee1-a8f2-db73eca7e2ca,Tankstelle Schulze Jochmaring,,Schmedehausener Straße,43,48268,Greven,52.10203,7.696463,2014-03-18 16:45:31+01,{}
b4e773e6-46d6-4c2b-7f03-19007b0b309d,Autohaus Maier,Autohaus Maier,Aschbacher Str.,15,96132,Schlüsselfeld,49.757791,10.614681,2014-03-18 16:45:31+01,{}
cdbcaf0e-8d53-4031-928d-3b43978d47ec,Berlin Rhinstraße,Mr. Wash Autoservice AG,Rhinstraße,136,12681,Berlin,52.5314026,13.5192603,2014-03-18 16:45:31+01,{}
0ce9a75a-2a09-4fd8-ca5f-1c295e333227,Autohaus Schwenninger,freie Tankstelle,Aalener Str.,36,73441,Bopfingen,48.862064,10.346838,2014-03-18 16:45:31+01,{}
b9fb2fee-0929-40f7-817d-26e4b4f991da,ZM-Aichach,Zieglmeier Tankstelle,Wittelsbacher Weg,5,86551,Aichach,48.4646,11.1407,2014-03-18 16:45:31+01,{}
0cabc45f-82c8-49b2-bec5-42fe7045d465,Tankstelle,Tankstelle,Hessenallee,7 a,34613,Schwalmstadt,50.9132,9.24068,2014-03-18 16:45:31+01,{}
0075bbcf-e0d0-4103-8613-370a4578336a,City Tank HAMM,City Tank,HAFENSTR.,2,59065,HAMM,51.6831,7.813442,2014-03-18 16:45:31+01,{}
e1a15081-25ab-9107-e040-0b0a3dfe563c,"Mannheim, Waldstr. 172",HEM,Waldstr. ,172,68305,Mannheim,49.523165,8.502237,2014-03-18 16:45:31+01,"{""openingTimes"":[{""applicable_days"":127,""periods"":[{""startp"":""06:00"",""endp"":""22:00""}]}]}"
2a3988c4-9299-44a5-90e2-f53ce517fcc4,Shell Greven Emsdettener Landstr. 31,Shell,Emsdettener Landstr.,31,48268,Greven,52.132233,7.546823,2014-03-18 16:45:31+01,"{""openingTimes"":[{""applicable_days"":192,""periods"":[{""startp"":""09:00"",""endp"":""20:00""}]},{""applicable_days"":31,""periods"":[{""startp"":""07:00"",""endp"":""20:00""}]},{""applicable_days"":32,""periods"":[{""startp"":""08:00"",""endp"":""20:00""}]}]}"
9fb9140a-694d-44a4-a99c-b2af47bb24a9,Shell Mittenwalde Dahmestr. 21,Shell,Dahmestr.,21,15749,Mittenwalde,52.263395,13.571726,2014-03-18 16:45:31+01,"{""openingTimes"":[{""applicable_days"":255,""periods"":[{""startp"":""00:00"",""endp"":""01:00""}]},{""applicable_days"":255,""periods"":[{""startp"":""01:30"",""endp"":""00:00""}]}]}"
315742b8-57b5-4e31-9e41-e4ba6c2ba13d,TOTAL OHRENBACH,TOTAL,BAB A7 OSTSEITE,"",91620,OHRENBACH,49.484997,10.214047,2014-03-18 16:45:31+01,{}
9fca682b-bf79-474a-8f2c-ea06fc85fa72,Esso Tankstelle,ESSO,BERLINER STR. 1 E, ,14776,BRANDENBURG,52.401499,12.589945,2014-03-18 16:45:31+01,"{""openingTimes"":[{""applicable_days"":31,""periods"":[{""startp"":""04:00"",""endp"":""22:00""}]},{""applicable_days"":96,""periods"":[{""startp"":""06:00"",""endp"":""22:00""}]}]}"
661cea97-3c5c-429a-9091-fc58fc68aec2,Tank Stop Best,Tank Stop Best,Rodheimer Straße,55-57,35633,Lahnau-Waldgirmes,50.589839935303,8.549690246582,2014-03-18 16:45:31+01,{}
ea8763f2-de7c-46cb-a23c-dc9a27cd22ff,"Argos Tankstelle, Alte Gladbacher Straße",Argos,Alte Gladbacher Str.,5,47805,Krefeld,51.32253275,6.55471741,2014-03-18 16:45:31+01,{}
efa1e371-5afc-4edd-a6d2-f21505147865,Sprint Wandersleben Das Steinfeld,Sprint,Das Steinfeld,5,99869,Wandersleben,50.889801,10.8481,2014-03-18 16:45:31+01,{}
9fdf2a20-1f60-4236-b898-d8282a2d46b8,TotalEnergies Westhausen,TotalEnergies,In der Waage ,1,73463,Westhausen,48.883055,10.174955,2014-03-18 16:45:31+01,"{""openingTimes"":[{""applicable_days"":31,""periods"":[{""startp"":""05:00"",""endp"":""22:00""}]},{""applicable_days"":32,""periods"":[{""startp"":""06:00"",""endp"":""22:00""}]},{""applicable_days"":64,""periods"":[{""startp"":""07:00"",""endp"":""22:00""}]}]}"
2a4bd2d2-dbae-445a-a6d6-46ed2e2ffdcf,Malte Birrenbach,Markant,Töpferstr.,2,53343,Wachtberg-Adendorf,50.61269,7.05344,2014-03-18 16:45:31+01,"{""openingTimes"":[{""applicable_days"":64,""periods"":[{""startp"":""08:00"",""endp"":""22:00""}]},{""applicable_days"":63,""periods"":[{""startp"":""06:00"",""endp"":""22:00""}]}]}"
9ffaff57-ea6e-44d3-8d39-47bab8253317,Esso Station,ESSO,Würzburger Str. 21 a, ,97292,Uettingen,49.796661,9.735436,2014-03-18 16:45:31+01,"{""openingTimes"":[{""applicable_days"":31,""periods"":[{""startp"":""05:00"",""endp"":""22:00""}]},{""applicable_days"":32,""periods"":[{""startp"":""07:00"",""endp"":""22:00""}]},{""applicable_days"":64,""periods"":[{""startp"":""08:00"",""endp"":""22:00""}]}]}"
6c6c6552-e8e1-41dc-9472-ab9e5696f55f,"DIETINGEN, NECKARBURG OST",Shell,A 81 SINGEN-STUTTGART,"",78661,DIETINGEN,48.205814,8.62513,2014-03-18 16:45:31+01,"{""overrides"":[{""startp"":""2018-03-15 10:39"",""endp"":""2099-12-31 23:59"",""is_close"":true}]}"
9ffbb2c6-3f1b-496c-9a43-e1189f8b84ba,Esso Tankstelle,ESSO,MUEHLENRING 1, ,19243,WITTENBURG,53.501698,11.089259,2014-03-18 16:45:31+01,"{""openingTimes"":[{""applicable_days"":31,""periods"":[{""startp"":""04:00"",""endp"":""22:00""}]},{""applicable_days"":96,""periods"":[{""startp"":""06:00"",""endp"":""22:00""}]}]}"
2a56602f-a301-45a5-a76a-b3bc47c6dedd,Honsel TS Melsungen,Honsel,Kasseler Str. ,65,34212,Melsungen,51.138779,9.540132,2014-03-18 16:45:31+01,{}
9fff46ef-4458-4521-8d34-1c3a7d16c7bd,Aral Tankstelle,ARAL,Calmbacher Straße ,53,75323,Bad Wildbad,48.758846,8.551376,2014-03-18 16:45:31+01,"{""openingTimes"":[{""applicable_days"":96,""periods"":[{""startp"":""06:00"",""endp"":""22:00""}]},{""applicable_days"":31,""periods"":[{""startp"":""05:00"",""endp"":""22:00""}]}]}"
e1a15081-24fd-9107-e040-0b0a3dfe563c,"Hamm, Teutonenstr. 2",HEM,Teutonenstr.,2,59067,Hamm,51.67512,7.780128,2014-03-18 16:45:31+01,{}
48ce2246-23ed-403b-86fe-a3efcda83c72,Fulmin Automatenstation Kaiserwiesen,Fulmin,Keltenstraße ,20,36043,Fulda,50.53031,9.691664,2014-03-18 16:45:31+01,{}
ebb2ff05-1fa6-4441-a1fa-856c07be5e8d,Shell Wetter Kaiserstr. 8,Shell,Kaiserstr.,8,58300,Wetter,51.390244,7.382049,2014-03-18 16:45:31+01,{}
2a6cfba4-3da5-42ea-9297-138f918fa137,Shell Hueckeswagen Peterstr. 73,Shell,Peterstr.,73,42499,Hueckeswagen,51.14447,7.35093,2014-03-18 16:45:31+01,"{""openingTimes"":[{""applicable_days"":192,""periods"":[{""startp"":""08:00"",""endp"":""22:00""}]},{""applicable_days"":31,""periods"":[{""startp"":""05:00"",""endp"":""23:00""}]},{""applicable_days"":32,""periods"":[{""startp"":""07:00"",""endp"":""00:00""}]}]}"
a00a8c34-e9d8-4d85-8bf8-89ccee2459d8,Raiffeisen Ostwestfalen-Lippe AG,Raiffeisen,Eisenbahnstr.,11,32369,Rahden,52.43088,8.623458,2014-03-18 16:45:31+01,{}
a0202d0f-44be-4446-92cf-ce01c588e9fe,Aral Tankstelle,ARAL,Königswinterer Straße ,106,53639,Königswinter,50.69891,7.277707,2014-03-18 16:45:31+01,{}
0ab14657-b01e-4827-a5d4-311ad444b887,Hermsdorfer Damm,SPREVES,Hermsdorfer Damm ,180,13467,Berlin,52.619373,13.304075,2014-03-18 16:45:31+01,{}
a0208c6d-f25a-4638-8efc-7e80dd246f42,Esso Tankstelle,ESSO,WANGENER STR. 94, ,88212,RAVENSBURG,47.769911,9.620571,2014-03-18 16:45:31+01,"{""openingTimes"":[{""applicable_days"":63,""periods"":[{""startp"":""06:00"",""endp"":""22:00""}]},{""applicable_days"":64,""periods"":[{""startp"":""07:00"",""endp"":""22:00""}]}]}"
a0223a0e-b745-4152-a710-4917228eb31f,AVIA Tankstelle,AVIA,Auf dem Bült,4,49767,Twist,52.63415,7.058888,2014-03-18 16:45:31+01,"{""openingTimes"":[{""applicable_days"":63,""periods"":[{""startp"":""07:00"",""endp"":""20:00""}]},{""applicable_days"":64,""periods"":[{""startp"":""08:30"",""endp"":""20:00""}]}]}"
a03013df-2fd7-4530-95f3-1037b2a493f4,AVIA Tankstelle,AVIA,Passauer Straße,41,94133,Röhrnbach,48.7342,13.52341,2014-03-18 16:45:31+01,"{""openingTimes"":[{""applicable_days"":31,""periods"":[{""startp"":""06:30"",""endp"":""20:00""}]},{""applicable_days"":32,""periods"":[{""startp"":""07:00"",""endp"":""20:00""}]},{""applicable_days"":64,""periods"":[{""startp"":""08:00"",""endp"":""20:00""}]}]}"
aaaf3ab6-2aa6-4252-9cfb-0c79521974b2,TANKSTELLE GOLDBACH SUED,Shell,AN DER AUTOBAHN 1,"",27299,LANGWEDEL,52.999166,9.180315,2014-03-18 16:45:31+01,"{""overrides"":[{""startp"":""2018-04-09 23:59"",""endp"":""2099-12-31 23:59"",""is_close"":true}]}"
a0443530-fcb1-412f-b686-6d8ec80ef539,Elan Lage,ELAN,Lemgoer Str. ,80,32791,Lage,51.995833,8.8075,2014-03-18 16:45:31+01,"{""openingTimes"":[{""applicable_days"":63,""periods"":[{""startp"":""06:00"",""endp"":""23:00""}]},{""applicable_days"":64,""periods"":[{""startp"":""07:00"",""endp"":""23:00""}]}]}"
29d845fe-2bab-46af-97f0-f9f03d05a6b8,AVIA Tankstelle,AVIA,Dorfstraße,23,26676,Barßel,53.12079,7.818549,2014-03-18 16:45:31+01,{}
00e8e80c-ef4c-4b9e-94b7-f573ef9eee32,Autohaus Hillen GmbH & Co. KG ,ED,Kurfürstenstraße,"",56864,Bad Bertrich,50.073589,7.02474,2014-03-18 16:45:31+01,{}
f3037631-6dfa-4c54-908f-df9f87802dbd,Autohaus Knöpfle,Autohaus Knöpfle,Tevesstr. ,64,78176,Blumberg,47.838665008545,8.5367650985718,2014-03-18 16:45:31+01,{}
2aa1d221-d746-4226-ab1e-035df714acf0,Shell Halle (Saale) Berliner Str. 190,Shell,Berliner Str.,190,06116,Halle (Saale),51.495596,12.011057,2014-03-18 16:45:31+01,{}
8396b61f-7523-4a1f-a37c-a4dce082967b,TOTAL HUENXE,TOTAL,BAB OSTSEITE / A 3,"",46569,HUENXE,51.635494,6.747277,2014-03-18 16:45:31+01,{}
7024d252-22d8-45a5-a803-bec515c7338a,AVIA Tankstelle,AVIA,Braacher Straße,20,36199,Rotenburg an der Fulda,51.000965,9.718004,2014-03-18 16:45:31+01,{}
a05ea76a-1f53-47ce-bda7-6730a5c9bbef,Esso Tankstelle,ESSO,DARMSTAEDTER STR. 15, ,64832,BABENHAUSEN,49.955383,8.953011,2014-03-18 16:45:31+01,"{""openingTimes"":[{""applicable_days"":31,""periods"":[{""startp"":""07:00"",""endp"":""21:00""}]},{""applicable_days"":32,""periods"":[{""startp"":""08:00"",""endp"":""20:00""}]},{""applicable_days"":64,""periods"":[{""startp"":""09:00"",""endp"":""20:00""}]}]}"
a0720420-4864-4dc2-9909-3659eda1f1de,AVIA XPress,AVIA XPress,Hauptstraße,38,86514,Ustersbach,48.31602,10.64174,2014-03-18 16:45:31+01,{}
5b797be9-f08f-41a5-9373-70e51c2a2e05,AVIA Tankstelle,AVIA,Festungsstraße,11,34613,Schwalmstadt,50.90667,9.23354,2014-03-18 16:45:31+01,{}
a0790bbe-a02f-4547-9f26-15e525152b4f,Tankstelle Denner,Tankstelle Denner,Hoßkircher Str. ,2,88376,Königseggwald,47.929532,9.419494,2014-03-18 16:45:31+01,{}
2dad8948-2786-46a2-b995-3ae0d1416b69,bft Tankstelle Reinersmann,bft Tankstelle Reinersmann,Dorfbauerschaft ,6-8,48720,Rosendahl,52.01362,7.20846,2014-03-18 16:45:31+01,{}
bf2f59a5-0597-428e-81bb-3212c21e8b23,Shell Hohenstein-Ernstthal Hinrich-Wichern-Str. 31,Shell,Hinrich-Wichern-Str.,31,09337,Hohenstein-Ernstthal,50.806012,12.694472,2014-03-18 16:45:31+01,"{""overrides"":[{""startp"":""2023-12-31 15:01"",""endp"":""2039-12-31 18:01"",""is_close"":true}]}"
0c7fa98f-490f-401c-b1a8-d1e82b3ad743,Roland Schmidt,Markant,Weseler Str., 269 - 271,48151,Münster,51.93949,7.60868,2014-03-18 16:45:31+01,{}
f5782e5e-8c05-4010-b423-1c86a8bcd31f,Aral Tankstelle,ARAL,Hohenzieritzer Straße ,34,17235,Neustrelitz,53.372414,13.074242,2014-03-18 16:45:31+01,{}
51d4b616-a095-1aa0-e100-80009459e03a,JET GIESSEN MARBURGER STR. 185,JET,MARBURGER STR.,185,35396,GIESSEN,50.6028,8.6902,2014-03-18 16:45:31+01,"{""openingTimes"":[{""applicable_days"":31,""periods"":[{""startp"":""06:30"",""endp"":""23:30""}]},{""applicable_days"":32,""periods"":[{""startp"":""07:30"",""endp"":""23:30""}]},{""applicable_days"":192,""periods"":[{""startp"":""08:00"",""endp"":""23:30""}]}]}"
a07b7f50-6e6f-4e6e-9bce-17d79bf0778c,Bavaria Petrol,Bavaria Petrol,Zielstattstraße ,8a,81379,München,48.103245,11.533475,2014-03-18 16:45:31+01,"{""openingTimes"":[{""applicable_days"":64,""periods"":[{""startp"":""08:00"",""endp"":""20:00""}]},{""applicable_days"":63,""periods"":[{""startp"":""07:00"",""endp"":""21:00""}]}]}"
5e2e90b0-c3db-4328-34ea-b8272d497251,Gulf Naundorf,GULF,Mügelner Str.,1,04769,Naundorf,51.2575,13.1009,2014-03-18 16:45:31+01,"{""openingTimes"":[{""applicable_days"":63,""periods"":[{""startp"":""05:30"",""endp"":""21:00""}]},{""applicable_days"":64,""periods"":[{""startp"":""06:30"",""endp"":""21:00""}]}]}"
5d2daaa4-f7f2-4cdc-bf1e-cf2af14afd0f,Aral Tankstelle,ARAL,Westerlange ,2,37154,Northeim,51.730904,9.972827,2014-03-18 16:45:31+01,{}
51ec0699-01aa-4bbc-bc9c-62755858777a,AVIA Sankt Ingbert,AVIA,St. Ingberter Str.,120,66386,Sankt Ingbert,49.2663,7.14963,2014-03-18 16:45:31+01,{}
2ac6ad6f-8aac-4617-9a36-2178a917291e,Julia Kahn,HIT (Supermarkt TS),Roitzheimer Str.,117,53879,Euskirchen,50.65257,6.80114,2014-03-18 16:45:31+01,"{""openingTimes"":[{""applicable_days"":64,""periods"":[{""startp"":""08:00"",""endp"":""22:00""}]},{""applicable_days"":32,""periods"":[{""startp"":""07:00"",""endp"":""22:00""}]},{""applicable_days"":31,""periods"":[{""startp"":""06:00"",""endp"":""22:00""}]}]}"
e2fc30d5-dfd7-43e8-b61d-16ba4cb0fc01,TotalEnergies Berlin,TotalEnergies,Blockdammweg ,6,10317,Berlin,52.48291,13.502177,2014-03-18 16:45:31+01,{}
a08518fc-3dd0-41cb-9b43-b2976234e778,Markenfreie TS Westerkappeln,Markenfreie TS,Am Doelhof ,9,49492,Westerkappeln,52.313362,7.87436,2014-03-18 16:45:31+01,"{""openingTimes"":[{""applicable_days"":63,""periods"":[{""startp"":""06:00"",""endp"":""22:00""}]},{""applicable_days"":64,""periods"":[{""startp"":""09:00"",""endp"":""22:00""}]}]}"
440990ea-54e5-404f-9ff7-514f5f57defb,Michael Eierstock GmbH,Freie Tankstelle,GlonnerstraÃe,25,85625,Baiern,47.95451,11.91481,2014-03-18 16:45:31+01,{}
3a5c09db-5d65-499d-9600-1d568de8f282,OIL! Tankstelle Nentershausen,OIL!,Marktplatz 9,,36214,Nentershausen,51.0132,9.93429,2014-03-18 16:45:31+01,{}
55f84297-f906-43a5-b670-f5a49315bf1a,Horst Lang ,BFT / Tankstelle  Lang,Rottenburgerstr.,42,84076,Pfeffenhausen,48.667569,11.970259,2014-03-18 16:45:31+01,{}
fcc00c0b-1c6d-4eff-a44d-298511808d4f,TOTAL Mainhausen,TOTAL,Industriestr. 2,"",63533,Mainhausen,50.017112,8.993902,2014-03-18 16:45:31+01,{}
f81e6e85-d353-40d5-b793-3d7421484cc5,Esso Tankstelle,ESSO,VIERNHEIMER WEG 15, ,68307,MANNHEIM,49.54950147,8.449381135,2014-03-18 16:45:31+01,{}
2ad322ee-548f-4606-8c45-8665e898fd39,TotalEnergies Berlin,TotalEnergies,Berliner Str ,15A,14169,Berlin,52.436134,13.26584,2014-03-18 16:45:31+01,"{""openingTimes"":[{""applicable_days"":31,""periods"":[{""startp"":""06:00"",""endp"":""22:00""}]},{""applicable_days"":96,""periods"":[{""startp"":""07:00"",""endp"":""22:00""}]}]}"
a0ad7e17-ff61-47cf-80b9-c17183527ee5,Zens Mineraloelhandels-GmbH,Freie Tankstelle,Obere Hardt ,1,76467,Bietigheim,48.88993,8.2669,2014-03-18 16:45:31+01,{}
a0b38144-05af-48f6-a3ee-acf8e3188a24,OIL! Tankstelle Uetersen,OIL!,Schanzenstr. 4,,25436,Uetersen,53.6869,9.67237,2014-03-18 16:45:31+01,"{""openingTimes"":[{""applicable_days"":192,""periods"":[{""startp"":""07:00"",""endp"":""22:00""}]},{""applicable_days"":31,""periods"":[{""startp"":""05:00"",""endp"":""22:00""}]},{""applicable_days"":32,""periods"":[{""startp"":""06:00"",""endp"":""22:00""}]}]}"
f832353a-ccb6-4932-30ea-81d247ca2010,Knoll KFZ-Technik GbR,Classic Knoll,Krellstr.,1,32549,Bad Oeynhausen,52.236662,8.749998,2014-03-18 16:45:31+01,{}
a0c83f53-dc08-4f8c-b9a0-4488fb4b213c,Welter Patersdorf,WELTER,Ringstr.,74,94265,Patersdorf,49.00693,12.98254,2014-03-18 16:45:31+01,"{""openingTimes"":[{""applicable_days"":31,""periods"":[{""startp"":""05:00"",""endp"":""22:00""}]},{""applicable_days"":96,""periods"":[{""startp"":""07:00"",""endp"":""22:00""}]}]}"
c2be5aab-c3c1-4597-aa66-b12219eceb4f,Weinmayr Energie GmbH,AVIA ,Eggenfeldener Straße ,10,84329,Wurmannsquick,48.35739,12.78798,2014-03-18 16:45:31+01,{}
a0d52f16-5299-47ff-88b0-3796c7ec735f,AVIA Tankstelle,AVIA,Robert-Bosch-Straße,24,74653,Gaisbach,49.25546,9.680309,2014-03-18 16:45:31+01,"{""openingTimes"":[{""applicable_days"":31,""periods"":[{""startp"":""06:00"",""endp"":""22:00""}]},{""applicable_days"":32,""periods"":[{""startp"":""07:00"",""endp"":""22:00""}]},{""applicable_days"":64,""periods"":[{""startp"":""08:00"",""endp"":""22:00""}]}]}"
a0dac661-c56f-465c-ab68-61c9819eced2,Q1 Tankstelle,Q1,Hohensteiner Straße,73,09399,Niederwürschnitz,50.73,12.7497,2014-03-18 16:45:31+01,"{""openingTimes"":[{""applicable_days"":31,""periods"":[{""startp"":""05:30"",""endp"":""20:00""}]},{""applicable_days"":224,""periods"":[{""startp"":""07:00"",""endp"":""20:00""}]}]}"
a0e0c049-95e4-45e1-a0ed-bd6173bcc775,Shell Eschborn Zeilsheimer Weg 1,Shell,Zeilsheimer Weg,1,65760,Eschborn,50.139544,8.564624,2014-03-18 16:45:31+01,"{""openingTimes"":[{""applicable_days"":192,""periods"":[{""startp"":""08:00"",""endp"":""22:00""}]},{""applicable_days"":31,""periods"":[{""startp"":""06:00"",""endp"":""22:00""}]},{""applicable_days"":32,""periods"":[{""startp"":""07:00"",""endp"":""22:00""}]}]}"
d78ad7ec-4f0a-4b07-a0c7-48ae33024848,Fred Pfennings GmbH & Co.KG,PM24,Jülicherstr.,236,52477,Alsdorf,50.87,6.21627,2014-03-18 16:45:31+01,{}
f4c21018-060e-4d56-88c7-e7caede0d453,München Triebstraße 35a,OMV,Triebstr.,35 a,80993,München,48.18719,11.5353,2014-03-18 16:45:31+01,{}
e3f62459-0241-4da3-af8f-6e3793967ab5,Shell Hameln Hildesheimer Str. 56,Shell,Hildesheimer Str.,56,31789,Hameln,52.100245,9.414943,2014-03-18 16:45:31+01,"{""overrides"":[{""startp"":""2022-12-04 23:59"",""endp"":""2100-01-01 00:00"",""is_close"":true}]}"
e6d37e09-2191-4442-9303-86b582ca6df9,Esso Station,ESSO,Bahnhofstr. 5, ,97769,Bad Brückenau,50.307403,9.786485,2014-03-18 16:45:31+01,"{""openingTimes"":[{""applicable_days"":31,""periods"":[{""startp"":""05:00"",""endp"":""22:00""}]},{""applicable_days"":96,""periods"":[{""startp"":""06:00"",""endp"":""22:00""}]}]}"
caaf99b1-d0dc-49dc-8548-76e37e02aff1,AVIA Tankstelle,AVIA,Wittmunder Straße,224,26639,Wiesmoor,53.46434,7.71675,2014-03-18 16:45:31+01,{}
f1d53b3e-fcf7-4b2d-800f-055d55f86d0a,Shell Kleinblittersdorf Konrad-Adenauer-Str ,Shell,Konrad-Adenauer-Str,"",66271,Kleinblittersdorf,49.12457,7.052356,2014-03-18 16:45:31+01,{}
931bc337-4310-4d3a-85ba-16d7886b9c3d,Hasselbach Tankstelle,"",Vetzberger Str. ,4,35444,Biebertal,50.61752,8.600971,2014-03-18 16:45:31+01,{}
4132346a-a691-406d-af1e-c192a51a0e10,"Neuwied, Langendorfer Straße",BFT,Langendorfer Str. ,52,56564,Neuwied,50.434384,7.454932,2014-03-18 16:45:31+01,{}
91408eb7-7f75-4f9f-a757-6d33aef57532,Kaufland Tankstelle Brandenburg,Kaufland,An der Bundesstrasse ,1,14776,Brandenburg an der Havel,52.408882,12.615182,2014-03-18 16:45:31+01,{}
fbd7ca46-789e-4a96-822f-bf434bb478d3,PM,PM,Friedrich-Ebert-Platz,16,52351,Düren,50.80532,6.494866,2014-03-18 16:45:31+01,{}
51d4b5c9-a095-1aa0-e100-80009459e03a,"Supermarkt-Tankstelle am real,- Markt HERTEN HOPPENWALL 11","Supermarkt-Tankstelle am real,- Markt",HOPPENWALL 11,,45701,HERTEN,51.6185,7.0796,2014-03-18 16:45:31+01,{}
9d4a56ea-2bbd-4702-a6ae-0729647411d7,Tankcenter WETZLAR,Tankcenter,BRAUNFELSER STR. 70,"",35578,WETZLAR,50.550428,8.475833,2014-03-18 16:45:31+01,{}
d5de1138-e53a-4cb0-9ab1-592ee32385e6,TAP PflipsenGroup,TAP PflipsenGroup,Stadtwaldstraße,76,41179,Mönchengladbach,51.147105,6.370605,2014-03-18 16:45:31+01,{}
f9dbc0e3-cb97-4f88-9678-7d351c7015b7,TotalEnergies Deggingen,TotalEnergies,Koenigstr. ,52,73326,Deggingen,48.596781,9.715919,2014-03-18 16:45:31+01,"{""openingTimes"":[{""applicable_days"":63,""periods"":[{""startp"":""06:00"",""endp"":""22:00""}]},{""applicable_days"":64,""periods"":[{""startp"":""07:00"",""endp"":""22:00""}]}]}"
2b492df4-17b4-4ac1-9d2c-e5f5255e6d5b,Aral Tankstelle,ARAL,Mergentheimer Straße ,126,74653,Künzelsau,49.284447,9.684491,2014-03-18 16:45:31+01,"{""openingTimes"":[{""applicable_days"":64,""periods"":[{""startp"":""08:00"",""endp"":""22:00""}]},{""applicable_days"":63,""periods"":[{""startp"":""07:00"",""endp"":""22:00""}]}]}"
a0e2f12c-a9c2-4dc7-9da4-86f87d657e4d,OIL! Tankstelle Lehmrade,OIL!,Möllner Str. 3,,23883,Lehmrade,53.5948,10.7512,2014-03-18 16:45:31+01,"{""openingTimes"":[{""applicable_days"":192,""periods"":[{""startp"":""09:00"",""endp"":""12:00""}]},{""applicable_days"":31,""periods"":[{""startp"":""06:00"",""endp"":""19:00""}]},{""applicable_days"":32,""periods"":[{""startp"":""07:00"",""endp"":""18:00""}]}]}"
6915f4d9-516f-4d5f-af3f-d05f5a65e024,"GERSTHOFEN, ZIEGELEISTR.",Shell,ZIEGELEISTR. 2,"",86368,GERSTHOFEN,48.412371,10.876198,2014-03-18 16:45:31+01,"{""overrides"":[{""startp"":""2019-07-31 23:59"",""endp"":""2099-12-31 14:25"",""is_close"":true}]}"
4f6e9a39-060b-4143-96df-8744b3116b18,Bft Tankstelle Leupold,bft,Zwickauer Str. ,41,08118,Hartenstein,50.665515,12.661377,2014-03-18 16:45:31+01,{}
a0e38cbd-5fb7-43b0-ac68-9742f79e8e4f,Aral Tankstelle,ARAL,Alzeyer Straße ,58,67549,Worms,49.631912,8.347308,2014-03-18 16:45:31+01,"{""openingTimes"":[{""applicable_days"":96,""periods"":[{""startp"":""07:00"",""endp"":""23:00""}]},{""applicable_days"":31,""periods"":[{""startp"":""05:00"",""endp"":""23:00""}]}]}"
2b5aed51-2ea7-44df-aea8-3106a82eae24,Shell Buehl Robert-Bosch-Str. 12 C,Shell,Robert-Bosch-Str.,12 C,77815,Buehl,48.688662,8.114263,2014-03-18 16:45:31+01,"{""openingTimes"":[{""applicable_days"":192,""periods"":[{""startp"":""08:00"",""endp"":""23:00""}]},{""applicable_days"":63,""periods"":[{""startp"":""06:00"",""endp"":""23:00""}]}]}"
a0fe47f7-1f70-4786-95d2-edfcdfbe25f1,Düsseldorf Völklinger Straße,Mr. Wash Autoservice AG,Völklinger Straße,48,40221,Düsseldorf,51.2084733,6.7578747,2014-03-18 16:45:31+01,"{""overrides"":[{""startp"":""2025-05-01 08:30"",""endp"":""2025-05-01 19:00"",""is_close"":false},{""startp"":""2025-05-01 00:00"",""endp"":""2025-05-02 00:00"",""is_close"":true},{""startp"":""2025-05-02 08:30"",""endp"":""2025-05-02 19:00"",""is_close"":false},{""startp"":""2025-05-03 08:30"",""endp"":""2025-05-03 18:00"",""is_close"":false},{""startp"":""2025-05-04 00:00"",""endp"":""2025-05-05 00:00"",""is_close"":true},{""startp"":""2025-05-05 08:30"",""endp"":""2025-05-05 19:00"",""is_close"":false},{""startp"":""2025-05-06 08:30"",""endp"":""2025-05-06 19:00"",""is_close"":false},{""startp"":""2025-05-07 08:30"",""endp"":""2025-05-07 19:00"",""is_close"":false},{""startp"":""2025-05-08 08:30"",""endp"":""2025-05-08 19:00"",""is_close"":false},{""startp"":""2025-05-29 00:00"",""endp"":""2025-05-30 00:00"",""is_close"":true},{""startp"":""2025-06-09 00:00"",""endp"":""2025-06-10 00:00"",""is_close"":true},{""startp"":""2025-06-19 00:00"",""endp"":""2025-06-20 00:00"",""is_close"":true}],""openingTimes"":[{""applicable_days"":31,""periods"":[{""startp"":""08:30"",""endp"":""19:00""}]},{""applicable_days"":32,""periods"":[{""startp"":""08:30"",""endp"":""18:00""}]}]}"
a0fff138-86af-4cba-8a54-c3b36a5d3661,Access Kelsterbach,Access,Rossertstr. ,2,65451,Kelsterbach,50.066025,8.537291,2014-03-18 16:45:31+01,"{""openingTimes"":[{""applicable_days"":31,""periods"":[{""startp"":""06:00"",""endp"":""22:00""}]},{""applicable_days"":32,""periods"":[{""startp"":""07:00"",""endp"":""22:00""}]},{""applicable_days"":64,""periods"":[{""startp"":""08:00"",""endp"":""20:00""}]}]}"
fad887e0-9c32-457e-a849-fbeb9cb13fd5,Aral Tankstelle,ARAL,Linderhof ,8,88079,Kressbronn,47.607815,9.586966,2014-03-18 16:45:31+01,{}
2b62e9e5-0858-4a25-bdec-aa9c0b4244e8,Aral Tankstelle,ARAL,Wilhelm-Leuschner-Straße ,14,74080,Heilbronn,49.14144,9.196302,2014-03-18 16:45:31+01,{}
a106f3ed-b05e-479f-9506-d30c82e4d9da,Shell Passau Nikolastr. 4,Shell,Nikolastr.,4,94032,Passau,48.572894,13.458248,2014-03-18 16:45:31+01,{}
99da272a-9eb4-444f-9d84-e1e183f1c26a,Elke Dicke,Westfalen,Lennestr.,17,58791,Werdohl,51.25714,7.75744,2014-03-18 16:45:31+01,"{""overrides"":[{""startp"":""2024-02-29 22:59"",""endp"":""2099-12-31 22:59"",""is_close"":true}]}"
c4458b66-d991-463c-b054-cb56fc19db8c,Jürgen Dorst GmbH,AVIAXpress,Am Jöspershecklein,5,97828,Altfeld,49.82889,9.545818,2014-03-18 16:45:31+01,{}
a10a61ab-902f-45f4-9d3d-3e6b658adf7f,Lameystrasse,BFT,Lameystrasse ,7,76185,Karlsruhe ,49.011148,8.357463,2014-03-18 16:45:31+01,"{""openingTimes"":[{""applicable_days"":31,""periods"":[{""startp"":""06:00"",""endp"":""22:00""}]},{""applicable_days"":32,""periods"":[{""startp"":""07:00"",""endp"":""22:00""}]},{""applicable_days"":64,""periods"":[{""startp"":""08:00"",""endp"":""22:00""}]}]}"
e3e7fdea-0754-4f99-9948-ee25767fd7ff,Landw. Bezugs- und Absatzgenossenschaft Lüchow eG,Raiffeisen,Dannenberger-Straße,6,29439,Lüchow,52.9678,11.1414,2014-03-18 16:45:31+01,{}
51d4b533-a095-1aa0-e100-80009459e03a,Supermarkt-Tankstelle MUENCHEN HELENE-WESSEL-BOGEN 26,Supermarkt-Tankstelle,HELENE-WESSEL-BOGEN 26,,80939,MUENCHEN,48.195652,11.597283,2014-03-18 16:45:31+01,{}
0a70f16c-0b9e-4083-973e-01173c8839e5,Esso Tankstelle,ESSO,SPESSARTSTR. 22-24, ,60385,FRANKFURT,50.12519,8.709553,2014-03-18 16:45:31+01,{}
bcb27e9c-191c-42f9-b531-21fbe138fa37,Knauber Tankstelle Olpe,,Bruchstraße,94,57462,Olpe,51.0168,7.8398,2014-03-18 16:45:31+01,{}
20b08cda-cca1-44b3-9131-6ac64f3b15d9,Esso Tankstelle,ESSO,"BAT PEPPENHOVEN WEST, A61 RICHTUNG KOBLENZ", ,53359,RHEINBACH,50.643637,6.940677,2014-03-18 16:45:31+01,{}
66a969b1-bef6-4324-913c-15aaa88b5cde,Q1 Automatenstation,Q1,Lage,14,49401,Damme,52.5441,8.2902,2014-03-18 16:45:31+01,"{""overrides"":[{""startp"":""2024-10-18 10:57"",""endp"":""2999-10-31 23:59"",""is_close"":true}]}"
2b6e76d3-486f-4fae-a498-d8a20b33bae9,Aral Tankstelle,ARAL,Berggärtenstraße,,56564,Neuwied,50.443073,7.469469,2014-03-18 16:45:31+01,{}
cc131911-fa8c-4683-a4d5-88ab5ef017f5,Aral Tankstelle,ARAL,Freiburger Strasse ,9,79189,Bad Krozingen,47.91993,7.704561,2014-03-18 16:45:31+01,{}
50b300c2-af91-46d8-9c1d-6c4eb5723409,Shell Leipzig Eilenburger Str. 21 A,Shell,Eilenburger Str.,21 A,04317,Leipzig,51.332941,12.405758,2014-03-18 16:45:31+01,"{""overrides"":[{""startp"":""2021-06-30 23:59"",""endp"":""2100-01-01 00:00"",""is_close"":true}]}"
cd565b1b-7df0-4ecf-9151-5c139228a95a,Shell Elsenfeld Marienstr. 37,Shell,Marienstr.,37,63820,Elsenfeld,49.842385,9.158916,2014-03-18 16:45:31+01,"{""overrides"":[{""startp"":""2023-07-10 00:01"",""endp"":""2100-01-01 00:00"",""is_close"":true}]}"
490fc83b-1b1c-4e8a-aa1c-f1a35ea2c737,Aral Tankstelle,ARAL,Beckumer Straße,188,59229,Ahlen,51.7668457,7.923234,2014-03-18 16:45:31+01,{}
a10c3919-3db1-438c-aeaf-91bf590d35ae,Aral Tankstelle,ARAL,Bockauer Talstraße ,20,08280,Aue,50.579575,12.692009,2014-03-18 16:45:31+01,"{""openingTimes"":[{""applicable_days"":64,""periods"":[{""startp"":""08:00"",""endp"":""21:00""}]},{""applicable_days"":32,""periods"":[{""startp"":""07:00"",""endp"":""21:00""}]},{""applicable_days"":31,""periods"":[{""startp"":""05:00"",""endp"":""21:00""}]}]}"
c7842e47-2456-49de-a7b0-7937bca83344,Berlin Nonnendammallee,Mr. Wash Autoservice AG,Nonnendammallee,27,13599,Berlin,52.53833,13.24112,2014-03-18 16:45:31+01,{}
18e9f3e7-c9c7-4751-8655-e5064656467e,München Innsbrucker Ring 153,OMV,Innsbrucker Ring,153,81669,München,48.11363,11.61697,2014-03-18 16:45:31+01,{}
67137cc2-d235-4770-95e6-70413f180a1b,Aral Tankstelle,ARAL,Eutritzscher Straße,26,04105,Leipzig,51.3560371,12.3769083,2014-03-18 16:45:31+01,{}
3af483e4-f3f8-4f17-a7d0-ef7e4d989270,Aral Tankstelle,ARAL,Bahnhofstraße,91,69151,Neckargemünd,49.39273,8.778345,2014-03-18 16:45:31+01,{}
fb6187ba-1d8a-4e44-9856-9fe04f89165d,Aral Tankstelle,ARAL,Aralallee ,1,99441,Mellingen,50.93467,11.389635,2014-03-18 16:45:31+01,{}
2ae63863-c373-4c4b-9547-da37c58e0507,TotalEnergies Dallgow,TotalEnergies,Artilleriepark ,5,14624,Dallgow,52.53323,13.0607,2014-03-18 16:45:31+01,"{""openingTimes"":[{""applicable_days"":127,""periods"":[{""startp"":""05:00"",""endp"":""23:00""}]}]}"
a11eecd9-f4a5-46a1-af78-7964325622fa,TotalEnergies Esslingen,TotalEnergies,Urbanstr. ,65,73728,Esslingen,48.739577,9.319722,2014-03-18 16:45:31+01,"{""openingTimes"":[{""applicable_days"":31,""periods"":[{""startp"":""06:00"",""endp"":""22:00""}]},{""applicable_days"":32,""periods"":[{""startp"":""07:00"",""endp"":""22:00""}]},{""applicable_days"":64,""periods"":[{""startp"":""08:00"",""endp"":""22:00""}]}]}"
2aee05b5-d1fe-46ed-9e41-82528bbd9f28,Kaufland Tankstelle Kurt Eibl,Kaufland,Lindhofstr. ,10,84307,Eggenfelden,48.398354,12.761518,2014-03-18 16:45:31+01,{}
94b8a48a-8065-4457-a56f-89e9e690bccd,Autohaus Hermann,"",Leonberger Str. ,48,71292,Friolzheim,48.836086,8.839968,2014-03-18 16:45:31+01,{}
55892df6-aedb-4376-b76c-8a097195af9d,BayWa Tankstelle Markt Bibart ,BayWa,Raiffeisenstr.,3,91477,Markt Bibart,49.64711,10.424315,2014-03-18 16:45:31+01,{}
a125e27d-3bac-47ee-baef-aeea2c01e17a,Esso Tankstelle,ESSO,LINDENSTR. 37, ,49393,LOHNE,52.667802,8.241534,2014-03-18 16:45:31+01,"{""openingTimes"":[{""applicable_days"":15,""periods"":[{""startp"":""07:00"",""endp"":""22:00""}]},{""applicable_days"":48,""periods"":[{""startp"":""07:00"",""endp"":""23:00""}]},{""applicable_days"":64,""periods"":[{""startp"":""09:00"",""endp"":""22:00""}]}]}"
a1471db6-c2dd-4073-8f29-7a62267ba6ad,ZN-Halenbeck,Zander,Am Bahnhof,3,16945,Halenbeck-Rohlsdorf,53.258519431,12.230240107,2014-03-18 16:45:31+01,{}
5a26eccb-b4da-45e9-8d7f-25076aac3362,Aral Tankstelle,ARAL,Eckernförder Straße ,9 b,24376,Kappeln,54.657238,9.946128,2014-03-18 16:45:31+01,{}
1ece91e0-78dd-4944-90e8-8787f80e1fcf,Esso Tankstelle,ESSO,STUTTGARTER STR. 16, ,72622,NUERTINGEN,48.632865,9.328932,2014-03-18 16:45:31+01,{}
4d66ec77-5b3b-409d-8c43-01c4a4fcafee,Esso Tankstelle,ESSO,AN DER ZOLLBRUECKE 31, ,89079,ULM,48.345552,9.942956,2014-03-18 16:45:31+01,{}
1b144df2-faca-4390-9633-5606c9b2ee5a,BFT Tankstelle Krist,BFT,Montanusstr.,61-63,51789,Lindlar,51.04163,7.42724,2014-03-18 16:45:31+01,{}
30429207-aa0c-4cae-b4b8-973f8b8b688a,MTM Ruppichteroth,"",Rathausstr.,20,53809,Ruppichteroth,50.838326,7.43647,2014-03-18 16:45:31+01,{}
fc106e60-35f3-45ff-89d1-f9d5cb0975ce,Shell Kirchentellinsfurt Kusterdinger Str. ,Shell,Kusterdinger Str.,"",72138,Kirchentellinsfurt,48.531893,9.137921,2014-03-18 16:45:31+01,{}
2af748f1-b663-44a2-a62c-72a96408d658,Lars Thiele,Westfalen,Kirchsiek,11,32457,Porta Westfalica,52.23947,8.92517,2014-03-18 16:45:31+01,"{""openingTimes"":[{""applicable_days"":31,""periods"":[{""startp"":""06:00"",""endp"":""21:00""}]},{""applicable_days"":96,""periods"":[{""startp"":""08:00"",""endp"":""21:00""}]}]}"
a1531568-2028-423f-9ebf-c36cbbfbbd90,Shell Sellin/Rügen An der B 196,Shell,An der B196,"",18586,Sellin/Rügen,54.365396,13.703621,2014-03-18 16:45:31+01,"{""openingTimes"":[{""applicable_days"":255,""periods"":[{""startp"":""00:00"",""endp"":""02:00""}]},{""applicable_days"":255,""periods"":[{""startp"":""02:30"",""endp"":""00:00""}]}]}"
bd0ff471-5ba3-4897-b11c-83e24adb8430,Hamburg-Stillhorn West,ESSO,"BAB A1, Altenfelder Weg",17,21109,Hamburg,53.4849739,10.0254412,2014-03-18 16:45:31+01,"{""overrides"":[{""startp"":""2020-09-24 11:00"",""endp"":""2099-09-25 11:48"",""is_close"":true}]}"
a15722b3-7a77-49f9-a222-79c494391294,AVIA Tankstelle,AVIA,Berliner Straße,148,33330,Gütersloh,51.91232,8.387662,2014-03-18 16:45:31+01,"{""openingTimes"":[{""applicable_days"":32,""periods"":[{""startp"":""08:00"",""endp"":""21:00""}]},{""applicable_days"":31,""periods"":[{""startp"":""06:30"",""endp"":""21:00""}]},{""applicable_days"":64,""periods"":[{""startp"":""09:00"",""endp"":""21:00""}]}]}"
2b008370-b721-4708-8e55-bd37e5a75ba3,Esso Tankstelle,ESSO,HOLTER STR. 63, ,33813,OERLINGHAUSEN,51.945241,8.653905,2014-03-18 16:45:31+01,"{""openingTimes"":[{""applicable_days"":31,""periods"":[{""startp"":""06:00"",""endp"":""20:00""}]},{""applicable_days"":96,""periods"":[{""startp"":""08:00"",""endp"":""20:00""}]}]}"
a163c150-8c24-4f6b-b64d-b54112b8778c,TotalEnergies Grossalmerode,TotalEnergies,Kasseler Str. ,49-51,37247,Grossalmerode,51.258345,9.778154,2014-03-18 16:45:31+01,"{""openingTimes"":[{""applicable_days"":31,""periods"":[{""startp"":""07:00"",""endp"":""22:00""}]},{""applicable_days"":32,""periods"":[{""startp"":""08:00"",""endp"":""21:00""}]},{""applicable_days"":64,""periods"":[{""startp"":""08:00"",""endp"":""20:00""}]}]}"
9b070af7-5aa5-4e88-b9fa-f30c88e34039,"bft-Tankstelle FTB, Gößnitz",bft,Altenburger Str.,146,4639,Gößnitz,50.89854,12.4388,2014-03-18 16:45:31+01,{}
6b7744d7-48fa-40a5-bf7e-ba62e716b8e8,"BAESWEILER, AACHENER STR.",Shell,AACHENER STR. 128,"",52499,BAESWEILER,50.909994,6.190632,2014-03-18 16:45:31+01,{}
75707b46-a597-4eb0-9a76-63c71cb888e6,Shell Hannover Hildesheimer Str. 299,Shell,Hildesheimer Str.,299,30519,Hannover,52.334887,9.77216,2014-03-18 16:45:31+01,"{""overrides"":[{""startp"":""2025-01-02 00:00"",""endp"":""2059-01-02 00:01"",""is_close"":true}]}"
14aec830-77f4-456e-b2f8-85fb5174d54d,Esso Tankstelle,ESSO,HILDESHEIMER STR. 114, ,30173,HANNOVER,52.35713,9.752324,2014-03-18 16:45:31+01,{}
876b317c-2274-454f-b11e-e0c978d35f1a,TotalEnergies Koeln,TotalEnergies,Olpener Str. ,690,51109,Koeln,50.94499,7.062567,2014-03-18 16:45:31+01,{}
e72aecc9-1e68-4242-9da0-7ee31c5d4c0e,"Aral Tankstelle, BAT HEILIGENROTH WEST",ARAL,A,3,56412,Heiligenroth,50.45421,7.866816,2014-03-18 16:45:31+01,{}
a170c56a-ea2d-4e72-b424-f60d75181307,Gruber Landsham,Gruber Freie Tankstelle,Erdinger Straße,24,85652,Landsham,48.188352,11.77869,2014-03-18 16:45:31+01,"{""openingTimes"":[{""applicable_days"":31,""periods"":[{""startp"":""06:00"",""endp"":""21:00""}]},{""applicable_days"":32,""periods"":[{""startp"":""07:00"",""endp"":""20:00""}]},{""applicable_days"":192,""periods"":[{""startp"":""08:00"",""endp"":""20:00""}]}]}"
f312244d-530d-4bfb-9366-129fc6798f3e,Calpam Express,Calpam Express,Hanauer Str,120,63755,Alzenau,50.087936401367,9.0572605133057,2014-03-18 16:45:31+01,{}
9a1fb521-8a13-48eb-a934-bff4e8fc826b,Tankstelle Lohr,W. Dorst,Bgm.-Dr.-Nebel-Str. ,11a,97816,Lohr,49.979530334473,9.5750751495361,2014-03-18 16:45:31+01,{}
2b019211-3194-46c1-b138-83a055ade52a,Troisdorf,Mundorf Tank,Frankfurter Straße,88,53840,Troisdorf,50.814557,7.175284,2014-03-18 16:45:31+01,"{""openingTimes"":[{""applicable_days"":63,""periods"":[{""startp"":""06:00"",""endp"":""22:00""}]},{""applicable_days"":64,""periods"":[{""startp"":""08:00"",""endp"":""22:00""}]}]}"
a18b23f4-c046-46ac-af84-aa989f50cf62,Esso Tankstelle,ESSO,HUEFINGER STR. 13, ,78199,BRAEUNLINGEN,47.931438,8.451931,2014-03-18 16:45:31+01,"{""openingTimes"":[{""applicable_days"":31,""periods"":[{""startp"":""06:00"",""endp"":""21:00""}]},{""applicable_days"":32,""periods"":[{""startp"":""07:00"",""endp"":""21:00""}]},{""applicable_days"":64,""periods"":[{""startp"":""08:00"",""endp"":""20:00""}]}]}"
a1961110-ad59-45ce-83ff-31688651ca9c,Esso Tankstelle,ESSO,GIFHORNER STR. 5, ,31311,UETZE,52.469079,10.211931,2014-03-18 16:45:31+01,"{""openingTimes"":[{""applicable_days"":31,""periods"":[{""startp"":""06:00"",""endp"":""19:00""}]},{""applicable_days"":32,""periods"":[{""startp"":""07:00"",""endp"":""19:00""}]},{""applicable_days"":64,""periods"":[{""startp"":""08:00"",""endp"":""19:00""}]}]}"
a19f90e5-c603-405c-9a28-c4c42cb3df3d,TotalEnergies Freising,TotalEnergies,Acheringer Hauptstr. ,20,85354,Freising,48.344397,11.709186,2014-03-18 16:45:31+01,"{""openingTimes"":[{""applicable_days"":31,""periods"":[{""startp"":""05:00"",""endp"":""21:00""}]},{""applicable_days"":96,""periods"":[{""startp"":""07:00"",""endp"":""21:00""}]}]}"
a1a46066-fbdf-4f0e-99b6-98c3b63e1754,Joiss Sulingen,JOISS,Nienburger Str.,10,27232,Sulingen,52.682587,8.814871,2014-03-18 16:45:31+01,"{""openingTimes"":[{""applicable_days"":31,""periods"":[{""startp"":""06:00"",""endp"":""22:00""}]},{""applicable_days"":32,""periods"":[{""startp"":""07:00"",""endp"":""22:00""}]},{""applicable_days"":192,""periods"":[{""startp"":""08:00"",""endp"":""22:00""}]}]}"
51d4b566-a095-1aa0-e100-80009459e03a,"Supermarkt-Tankstelle am real,- Markt HILDESHEIM CHERUSKERRING 2","Supermarkt-Tankstelle am real,- Markt",CHERUSKERRING 2,,31137,HILDESHEIM,52.1614,9.94048,2014-03-18 16:45:31+01,{}
ff1158e6-ce9d-4e5b-aefe-d54393487d55,OIL! Tankstelle Essen,OIL!,Schederhofstraße 8,,45145,Essen,51.4495,6.99802,2014-03-18 16:45:31+01,{}
20b916e2-59c7-473c-942f-f4c55fee9752,Shell Oehringen Austr. 5,Shell,Austr.,5,74613,Oehringen,49.204576,9.489075,2014-03-18 16:45:31+01,"{""overrides"":[{""startp"":""2022-07-01 00:00"",""endp"":""2099-12-31 00:00"",""is_close"":true}]}"
2b2d9777-1249-4546-b298-89a36f7ee4cb,Aral Tankstelle,ARAL,Marientaler Straße ,52 b,38350,Helmstedt,52.23871,11.00015,2014-03-18 16:45:31+01,"{""openingTimes"":[{""applicable_days"":127,""periods"":[{""startp"":""06:00"",""endp"":""22:00""}]}]}"
59740a7b-415e-4891-9788-03c3b29a24b0,OIL! Tankstelle St. Leon-Rot,OIL!,Bahnhofstr. 45,,68789,St. Leon-Rot,49.2598,8.63757,2014-03-18 16:45:31+01,{}
a1a4d3e5-30b1-452d-8d35-ca2cc590fb4d,TotalEnergies Steinach,TotalEnergies,Sonneberger Str. ,86,96523,Steinach,50.422285,11.166052,2014-03-18 16:45:31+01,"{""openingTimes"":[{""applicable_days"":31,""periods"":[{""startp"":""05:00"",""endp"":""21:00""}]},{""applicable_days"":96,""periods"":[{""startp"":""07:00"",""endp"":""21:00""}]}]}"
2be4b509-cba2-4e13-ab1f-09ec357a5398,Michael Marx,Westfalen,Rheiner Landstr.,69,49078,Osnabrück,52.2744,8.01297,2014-03-18 16:45:31+01,"{""openingTimes"":[{""applicable_days"":31,""periods"":[{""startp"":""06:00"",""endp"":""22:00""}]},{""applicable_days"":32,""periods"":[{""startp"":""07:00"",""endp"":""22:00""}]},{""applicable_days"":64,""periods"":[{""startp"":""08:00"",""endp"":""22:00""}]}]}"
a1b20e65-e216-4182-935c-186021b13e34,Schönhöft GmbH,Westfalen,Bieste,2,49434,Neuenkirchen,52.52173,8.03156,2014-03-18 16:45:31+01,"{""openingTimes"":[{""applicable_days"":31,""periods"":[{""startp"":""07:00"",""endp"":""18:30""}]},{""applicable_days"":32,""periods"":[{""startp"":""07:00"",""endp"":""13:00""}]}]}"
fc4c152f-82f9-4c02-89ba-99e8628100ef,OIL! Tankstelle Süderbrarup,OIL!,Kappelner Str. 32-34,,24392,Süderbrarup,54.6374,9.7854,2014-03-18 16:45:31+01,{}
a4ee17ba-a163-4967-ab3e-b907c216c065,Tankcenter Wiesbaden,Tankcenter,Mainzer Str. ,104,65189,Wiesbaden,50.065885,8.250866,2014-03-18 16:45:31+01,{}
a1b585de-8277-4162-bccd-58e363fa7367,Aral Tankstelle,ARAL,Oberstreuer Straße ,13,97638,Mellrichstadt,50.42448,10.297077,2014-03-18 16:45:31+01,"{""openingTimes"":[{""applicable_days"":64,""periods"":[{""startp"":""08:00"",""endp"":""22:00""}]},{""applicable_days"":32,""periods"":[{""startp"":""07:00"",""endp"":""22:00""}]},{""applicable_days"":31,""periods"":[{""startp"":""06:00"",""endp"":""22:00""}]}]}"
9292d79f-6661-484f-bfa1-9169ee880a3d,Aral Tankstelle,ARAL,Wittener Straße,25,42277,Wuppertal,51.28744,7.231873,2014-03-18 16:45:31+01,{}
2b3f1def-8d3f-428d-a6e1-5d31490c8702,OIL! Tankstelle Hohenhameln,OIL!,Zimmerplatz 11,,31249,Hohenhameln,52.2605,10.0717,2014-03-18 16:45:31+01,"{""openingTimes"":[{""applicable_days"":192,""periods"":[{""startp"":""08:00"",""endp"":""22:00""}]},{""applicable_days"":31,""periods"":[{""startp"":""06:00"",""endp"":""22:00""}]},{""applicable_days"":32,""periods"":[{""startp"":""07:00"",""endp"":""22:00""}]}]}"
a1ea6437-ddbc-4f1c-a5bb-2b5fa33f8e7e,Aral Tankstelle,ARAL,Jenaische Straße ,103c,07407,Rudolstadt,50.727196,11.364309,2014-03-18 16:45:31+01,"{""openingTimes"":[{""applicable_days"":64,""periods"":[{""startp"":""06:00"",""endp"":""22:00""}]},{""applicable_days"":63,""periods"":[{""startp"":""05:00"",""endp"":""22:00""}]}]}"
355ec803-88ff-4e72-bd5d-7f16d67ff7a4,TOTAL KEHRIG,TOTAL,BAB 48 ELZTAL NORD,"",56729,KEHRIG,50.26744,7.2266316,2014-03-18 16:45:31+01,{}
6f18b82a-4daa-4c2d-bb61-02e046b9ec16,OIL! tank & go Automatentankstelle Schleiz,OIL!,Oettersdorfer Str. 40-50,,07907,Schleiz,50.5894,11.813,2014-03-18 16:45:31+01,{}
2dd5a6f3-5418-4222-88d7-c2cd6a7ea853,RUMAG GmbH,RUMAG GmbH,Frauenbergerstr.,128,53879,Euskirchen,50.665477,6.779369,2014-03-18 16:45:31+01,{}
2be64701-0501-480e-a3ae-688598941e03,OIL! Tankstelle Altentreptow,OIL!,Gewerbehof 1,,17087,Altentreptow,53.6859,13.2637,2014-03-18 16:45:31+01,"{""openingTimes"":[{""applicable_days"":192,""periods"":[{""startp"":""07:00"",""endp"":""22:00""}]},{""applicable_days"":63,""periods"":[{""startp"":""05:00"",""endp"":""22:00""}]}]}"
d9594061-4856-4bb4-82aa-39ae8676e014,"Aral Tankstelle, Willich",ARAL,A,52,47877,Willich,51.2369041,6.510739,2014-03-18 16:45:31+01,{}
a20dfa95-600b-4796-b544-709f4ad238dc,BFT Brake Beite Str.,BFT,Breite Straße,146,26919,Brake,53.325486,8.468184,2014-03-18 16:45:31+01,{}
ffaf03a0-c5ea-409e-ba37-52350750e5a0,TotalEnergies Sasbach,TotalEnergies,Hauptstr. ,25,77880,Sasbach,48.635478,8.08809,2014-03-18 16:45:31+01,"{""openingTimes"":[{""applicable_days"":31,""periods"":[{""startp"":""06:00"",""endp"":""22:00""}]},{""applicable_days"":32,""periods"":[{""startp"":""07:00"",""endp"":""22:00""}]},{""applicable_days"":64,""periods"":[{""startp"":""08:00"",""endp"":""22:00""}]}]}"
a21e3ed2-6d03-478f-32a3-9f33202182bc,Landau in der Pfalz,AUTO ZOTZ Landau in der Pfalz   Tanken und waschen,Am Horstring,"",76829,Landau in der Pfalz,49.207778,8.13587,2014-03-18 16:45:31+01,{}
f0703327-2f2c-43d1-b742-3bfb0ed5d55b,DB Tankstelle Meiningen,Frei,Leipziger Straße ,94,98617,Meiningen,50.58675,10.412778,2014-03-18 16:45:31+01,{}
a2251783-db49-4170-aab4-c28326c2e86a,TotalEnergies Osthofen,TotalEnergies,Rheinstr. ,38,67574,Osthofen,49.704717,8.331842,2014-03-18 16:45:31+01,"{""openingTimes"":[{""applicable_days"":31,""periods"":[{""startp"":""05:00"",""endp"":""22:00""}]},{""applicable_days"":32,""periods"":[{""startp"":""06:00"",""endp"":""22:00""}]},{""applicable_days"":64,""periods"":[{""startp"":""07:00"",""endp"":""22:00""}]}]}"
51d4b624-a095-1aa0-e100-80009459e03a,Supermarkt-Tankstelle AACHEN-RICHTERICH ROERMONDER STR. 615,Supermarkt-Tankstelle,ROERMONDER STR.,615,52072,AACHEN-RICHTERICH,50.81622,6.06544,2014-03-18 16:45:31+01,"{""openingTimes"":[{""applicable_days"":63,""periods"":[{""startp"":""08:00"",""endp"":""20:00""}]}]}"
eab538d2-4a3c-44ea-883a-01ca9f65c0e6,Aral Tankstelle,ARAL,Fuldatalstraße ,1,34125,Kassel,51.32352,9.513459,2014-03-18 16:45:31+01,{}
f546dab9-f717-4233-9d51-128c48aa0d0e,Shell Kirchheim / Teck Kruichling 15,Shell,Kruichling,15,73230,Kirchheim / Teck,48.644046,9.429249,2014-03-18 16:45:31+01,{}
f1440505-cbe2-4234-b4e9-a7603c8a159d,Freie Tankstelle,Freie Tankstelle Hans Hummel,Großsachsener Str.,2-4,69469,Weinheim,49.511112,8.729722,2014-03-18 16:45:31+01,{}
2428fcc6-4901-4a0a-b39e-23a781c3a2cf,"MUGGENSTURM, AN DER B 3",Shell,AN DER B 3,"",76461,MUGGENSTURM,48.884919,8.269204,2014-03-18 16:45:31+01,"{""overrides"":[{""startp"":""2020-03-31 09:25"",""endp"":""2099-12-31 13:33"",""is_close"":true}]}"
8cff1e86-3603-49a8-96e8-5d1120f9fdc0,Aral Tankstelle,ARAL,Riedlinger Straße,52,88400,Biberach,48.0955,9.779622,2014-03-18 16:45:31+01,{}
ffbc4b49-6e5e-49bb-aa11-4307d781fe9e,Esso Tankstelle,ESSO,SCHOENBERGSTR. 44 A, ,65199,WIESBADEN,50.079332,8.200156,2014-03-18 16:45:31+01,"{""openingTimes"":[{""applicable_days"":127,""periods"":[{""startp"":""06:00"",""endp"":""22:00""}]}]}"
2b405359-84be-460c-a414-eb83c528c24a,Esso Tankstelle,ESSO,MUENCHENER STR. 281, ,90471,NUERNBERG,49.424289,11.106145,2014-03-18 16:45:31+01,"{""openingTimes"":[{""applicable_days"":31,""periods"":[{""startp"":""06:00"",""endp"":""22:00""}]},{""applicable_days"":32,""periods"":[{""startp"":""07:00"",""endp"":""22:00""}]},{""applicable_days"":64,""periods"":[{""startp"":""08:00"",""endp"":""22:00""}]}]}"
a24c612b-6efd-43e0-9eb7-a62de5babd35,CLASSIC Auetal - Kathrinhagen,CLASSIC,Kathrinhagener Str.,19,31749,Auetal,52.2364,9.20278,2014-03-18 16:45:31+01,"{""openingTimes"":[{""applicable_days"":32,""periods"":[{""startp"":""07:30"",""endp"":""14:00""}]},{""applicable_days"":31,""periods"":[{""startp"":""07:30"",""endp"":""18:30""}]}]}"
1b42ee01-3e57-42a0-8175-25d0cd54b8ee,AVIA Tankstelle,AVIA,Thomas-Müntzer-Straße,40,06406,Bernburg (Saale),51.779766,11.770196,2014-03-18 16:45:31+01,{}
5c506321-2599-4447-81dd-531864067c2e,Shell Dueren Aachener Str. 44,Shell,Aachener Str.,44,52349,Dueren,50.797563,6.476753,2014-03-18 16:45:31+01,{}
a255ede0-a583-4bd3-d2fa-3058b863624b,Herbert Grosch,freie Tankstelle,Rodacher Straße,56+58,96450,Coburg,50.274397,10.956604,2014-03-18 16:45:31+01,"{""openingTimes"":[{""applicable_days"":31,""periods"":[{""startp"":""07:00"",""endp"":""20:00""}]},{""applicable_days"":32,""periods"":[{""startp"":""08:00"",""endp"":""19:00""}]}]}"
